Topic;DB;VRZ;rVMZ;ext. Broker;PartitionCount;ReplicationFactor;cleanup.policy;segment.ms
C2VBA-datex2-publication;X;X;;;1;3;compact;3600000
C2VBA-datex2-publication-vms-nord;;;;;1;3;compact;3600000
C2VBA-datex2-publication-vms-sued;;;;;1;3;compact;3600000
C2VBA-datex2-publication-vms-www-nord;X;X;;;1;3;compact;3600000
C2VBA-datex2-publication-vms-www-sued;X;X;;;1;3;compact;3600000
C2VBA-datex2-publication-vms-sba-nord;X;X;;;1;3;compact;3600000
C2VBA-datex2-publication-vms-sba-sued;X;X;;;1;3;compact;3600000
C2VBA-datex2-publication-vms-tts-sued;X;X;;;1;3;compact;3600000
C2VBA-datex2-publication-mdp-fg1-nord;X;X;;;1;3;compact;3600000
C2VBA-datex2-publication-mdp-fg1-sued;X;X;;;1;3;compact;3600000
C2VBA-datex2-publication-mdp-fg3-nord;X;X;;;1;3;compact;3600000
C2VBA-datex2-publication-mdp-fg3-sued;X;X;;;1;3;compact;3600000
C2VBA-datex2-publication-srp-sued;X;X;;;1;3;compact;3600000
C2VBA-datex2-publication-srp-nord;X;X;;;1;3;compact;3600000
C2VBA-datex2-publication-vms-www-nord-test;X;X;;;1;3;compact;3600000
C2VBA-datex2-publication-vms-www-sued-test;X;X;;;1;3;compact;3600000
C2VBA-datex2-publication-vms-sba-nord-test;X;X;;;1;3;compact;3600000
C2VBA-datex2-publication-vms-sba-sued-test;X;X;;;1;3;compact;3600000
C2VBA-datex2-publication-vms-tts-sued-test;X;X;;;1;3;compact;3600000
C2VBA-datex2-publication-mdp-fg1-nord-test;X;X;;;1;3;compact;3600000
C2VBA-datex2-publication-mdp-fg1-sued-test;X;X;;;1;3;compact;3600000
C2VBA-datex2-publication-mdp-fg3-nord-test;X;X;;;1;3;compact;3600000
C2VBA-datex2-publication-mdp-fg3-sued-test;X;X;;;1;3;compact;3600000
C2VBA-datex2-publication-srp-sued-test;X;X;;;1;3;compact;3600000
C2VBA-datex2-publication-srp-nord-test;X;X;;;1;3;compact;3600000
C2VBA-AnalyticalDataDetSite;;;;;1;3;;
C2VBA-DiscardedShortTermCollectedDataLane;X;X;;;1;3;;
C2VBA-FailedPlCheckDataLanes;;;;;1;3;;
C2VBA-FailedPlCheckDataLanes;;;;;1;3;;
C2VBA-LosDataDetSite;;;;;1;3;;
C2VBA-LosDataLane;;;;;1;3;;
C2VBA-LosStartData;;;;;1;3;;
C2VBA-PlCheckValueSeriesLanes;;;;;1;3;;
C2VBA-PrognosisDataDetSite;;;;;1;3;;
C2VBA-PrognosisDataLane;;;;;1;3;;
C2VBA-ShortTermCollectedDataLane;X;X;;;1;3;;
C2VBA-ShortTermCollectedOpcUaDataLane;;;;;1;3;;
C2VBA-ShortTermCollectedTrafficCategoriesLane;X;X;;;1;3;;
C2VBA-ShortTermFictitiousReplacedDataLane;;;;;1;3;;
C2VBA-ShortTermMeasurementAggregatedDataDetSite;;;;;1;3;;
C2VBA-ShortTermMeasurementAggregatedDataLane;;;;;1;3;;
C2VBA-ShortTermMeasurementPLCheckedDataLane;;;;;1;3;;
C2VBA-ShortTermMeasurementReplacedDataLane;;;;;1;3;;
C2VBA-ShortTermMeasurementReplacedRawDataLane;;;;;1;3;;
C2VBA-ShortTermPlCheckedDataLanes;;;;;1;3;;
C2VBA-SituationsRecognized;;;;;1;3;;
VRZ-AlarmMessage;;;;;1;3;;
VRZ-ControlSignMeasures;;;;;1;3;compact;3600000
VRZ-ControlSignMeasures-external;;;;;1;3;compact;3600000
VRZ-ControlSignMeasures-manual;;;;;1;3;compact;3600000
VRZ-CausalLinkTask;;;;;1;3;compact;3600000
VRZ-ChangeableMeasuresTask;;;;;1;3;compact;3600000
VRZ-DisplayPanelLogicalOperationMode;;;;;1;3;compact;3600000
VRZ-Kri2C-MeasurePanelContent;;;;;1;3;compact;3600000
VRZ-MeasureOperatingModeTask;;;;;1;3;compact;3600000
VRZ-MeasuresAdjusted;;;;;1;3;compact;3600000
VRZ-MeasuresSelected;;;;;1;3;compact;3600000
VRZ-MeasureSequenceState;;;;;1;3;compact;3600000
VRZ-MeasureTimespecApprovedTask;;;;;1;3;compact;3600001
VRZ-Measures-external;;;;;1;3;compact;3600000
VRZ-Measures-manual;;;;;1;3;compact;3600000
VRZ-Measures-opgui;;;;;1;3;compact;3600000
VRZ-OpGuiApprovalRequest;;;;;1;3;compact;3600000
VRZ-OpGuiApprovalRequest-manual;;;;;1;3;compact;3600000
VRZ-OpGuiControlSignMeasures;;;;;1;3;compact;3600000
VRZ-OpGuiMeasuresWithControlSigns;;;;;1;3;compact;3600000
VRZ-SignOverlayApp-ControlSignReason;;;;;1;3;compact;3600000
VRZ-SignOverlayApp-WZGStellzustandList;;;;;1;3;compact;3600000
VRZ-SituationsMerged;;;;;1;3;compact;3600000
VRZ-Situations-opgui;;;;;1;3;compact;3600000
VRZ-Situations-external;;;;;1;3;compact;3600000
#Langzeitdaten;;;;;;;;
C2VBA-LongTermDataLane;;;;;1;3;;
C2VBA-LongTermDataLane-Latest;;;;;1;3;compact;3600000
C2VBA-LongTermRecoverRequest;;;;;1;3;compact;3600000
C2VBA-LongTermBufferRecoverRequest;;;;;1;3;compact;3600000
#ConfigService;;;;;;;;
C2VBA-DataChange;X;X;;;1;3;;
VRZ-DataChange;X;X;;;1;3;;
VRZ-ConfigSrv-BaseData;X;X;;;1;3;;
VRZ-ConfigSrv-DataChange;X;X;;;1;3;;
VRZ-ConfigSrv-ExtendedData;X;X;;;1;3;;
VRZ-ConfigSrv-ManualData;X;X;;;1;3;;
VRZ-ConfigSrv-ManualData-prod;X;X;;;1;3;;
VRZ-ConfigSrv-version;X;X;;;1;3;;
VRZ-ConfigSrv-VersionDescriptor;X;X;;;1;3;;
#Strategien;;;;;;;;
C2VBA-StrategyStates;X;X;;;1;3;compact;3600000
C2VBA-CommStates;X;X;;;1;3;compact;3600000
#Messquerschnittaggregierung;;;;;;;;
VRZ-ShortTermMeasurementAggregatedDataDetSite;;;;;1;3;;
#TLS;;;;;;;;
C2VBA-tlsin-AXLBetriebsparameter;X;X;;;1;3;compact;3600000
C2VBA-tlsin-AXLDeFehler;X;X;;;1;3;compact;3600000
C2VBA-tlsin-AXLEinzelergebnisVersion1;X;X;;;1;3;compact;3600000
C2VBA-tlsin-AXLEinzelergebnisVersion1Nachg;X;X;;;1;3;;
C2VBA-tlsin-AXLEinzelergebnisVersion2;X;X;;;1;3;compact;3600000
C2VBA-tlsin-AXLEinzelergebnisVersion2Nachg;X;X;;;1;3;;
C2VBA-tlsin-AXLEinzelergebnisVersion3;X;X;;;1;3;compact;3600000
C2VBA-tlsin-AXLEinzelergebnisVersion3Nachg;X;X;;;1;3;;
C2VBA-tlsin-AXLErgDeFehler;X;X;;;1;3;compact;3600000
C2VBA-tlsin-AXLErgebnisVersion10;X;X;;;1;3;compact;3600000
C2VBA-tlsin-AXLErgebnisVersion11;X;X;;;1;3;compact;3600000
C2VBA-tlsin-AXLGeoKenndaten;X;X;;;1;3;compact;3600000
C2VBA-tlsin-AXLKanalsteuerung;X;X;;;1;3;compact;3600000
C2VBA-tlsin-AXLNegativeQuittung;X;X;;;1;3;;
C2VBA-tlsin-AXLParameterAchslastGrenzwerte;X;X;;;1;3;compact;3600000
C2VBA-tlsin-AXLParameterAchslastklassen5P1;X;X;;;1;3;compact;3600000
C2VBA-tlsin-AXLParameterAchslastklassen8P1;X;X;;;1;3;compact;3600000
C2VBA-tlsin-AXLPositiveQuittung;X;X;;;1;3;;
C2VBA-tlsin-DWISTAGrafikkonserve;X;X;;;1;3;;
C2VBA-tlsin-DWISTAGrafikkonserveNachg;X;X;;;1;3;;
C2VBA-tlsin-DWISTATextkonserve;X;X;;;1;3;;
C2VBA-tlsin-DWISTATextkonserveNachg;X;X;;;1;3;;
C2VBA-tlsin-EFZBetriebsparameter;X;X;;;1;3;compact;3600000
C2VBA-tlsin-LVEAnalyseWerteOpt0;X;X;;;1;3;;
C2VBA-tlsin-LVEAnalyseWerteOpt0Nachg;X;X;;;1;3;;
C2VBA-tlsin-LVEBetriebsparameter;X;X;;;1;3;compact;3600000
C2VBA-tlsin-LVEDeFehler;X;X;;;1;3;compact;3600000
C2VBA-tlsin-LVEErgDeFehler;X;X;;;1;3;compact;3600000
C2VBA-tlsin-LVEErgebnisVersion0;X;X;;;1;3;;
C2VBA-tlsin-LVEErgebnisVersion1;X;X;;;1;3;;
C2VBA-tlsin-LVEErgebnisVersion10;X;X;;;1;3;;
C2VBA-tlsin-LVEErgebnisVersion10Nachg;X;X;;;1;3;;
C2VBA-tlsin-LVEErgebnisVersion11;X;X;;;1;3;;
C2VBA-tlsin-LVEErgebnisVersion11Nachg;X;X;;;1;3;;
C2VBA-tlsin-LVEErgebnisVersion12;X;X;;;1;3;;
C2VBA-tlsin-LVEErgebnisVersion12Nachg;X;X;;;1;3;;
C2VBA-tlsin-LVEErgebnisVersion13;X;X;;;1;3;;
C2VBA-tlsin-LVEErgebnisVersion13Nachg;X;X;;;1;3;;
C2VBA-tlsin-LVEErgebnisVersion14;X;X;;;1;3;;
C2VBA-tlsin-LVEErgebnisVersion14Nachg;X;X;;;1;3;;
C2VBA-tlsin-LVEErgebnisVersion15;X;X;;;1;3;;
C2VBA-tlsin-LVEErgebnisVersion15Nachg;X;X;;;1;3;;
C2VBA-tlsin-LVEErgebnisVersion16;X;X;;;1;3;;
C2VBA-tlsin-LVEErgebnisVersion16Nachg;X;X;;;1;3;;
C2VBA-tlsin-LVEErgebnisVersion17;X;X;;;1;3;;
C2VBA-tlsin-LVEErgebnisVersion17Nachg;X;X;;;1;3;;
C2VBA-tlsin-LVEErgebnisVersion18;X;X;;;1;3;;
C2VBA-tlsin-LVEErgebnisVersion18Nachg;X;X;;;1;3;;
C2VBA-tlsin-LVEErgebnisVersion19;X;X;;;1;3;;
C2VBA-tlsin-LVEErgebnisVersion19Nachg;X;X;;;1;3;;
C2VBA-tlsin-LVEErgebnisVersion2;X;X;;;1;3;;
C2VBA-tlsin-LVEErgebnisVersion20;X;X;;;1;3;;
C2VBA-tlsin-LVEErgebnisVersion20Nachg;X;X;;;1;3;;
C2VBA-tlsin-LVEErgebnisVersion21;X;X;;;1;3;;
C2VBA-tlsin-LVEErgebnisVersion21Nachg;X;X;;;1;3;;
C2VBA-tlsin-LVEErgebnisVersion22;X;X;;;1;3;;
C2VBA-tlsin-LVEErgebnisVersion22Nachg;X;X;;;1;3;;
C2VBA-tlsin-LVEErgebnisVersion23;X;X;;;1;3;;
C2VBA-tlsin-LVEErgebnisVersion23Nachg;X;X;;;1;3;;
C2VBA-tlsin-LVEErgebnisVersion24;X;X;;;1;3;;
C2VBA-tlsin-LVEErgebnisVersion24Nachg;X;X;;;1;3;;
C2VBA-tlsin-LVEErgebnisVersion3;X;X;;;1;3;;
C2VBA-tlsin-LVEErgebnisVersion4;X;X;;;1;3;;
C2VBA-tlsin-LVEErgebnisVersion5;X;X;;;1;3;;
C2VBA-tlsin-LVEErgebnisVersion6;X;X;;;1;3;;
C2VBA-tlsin-LVEGeoKenndaten;X;X;;;1;3;compact;3600000
C2VBA-tlsin-LVEGeschwindigkeitsklassenKurz;X;X;;;1;3;;
C2VBA-tlsin-LVEGeschwindigkeitsklassenLang;X;X;;;1;3;;
C2VBA-tlsin-LVEIntervalldatenKurzzeitInterpoliertOpt0;X;X;;;1;3;;
C2VBA-tlsin-LVEIntervalldatenKurzzeitInterpoliertOpt0Nachg;X;X;;;1;3;;
C2VBA-tlsin-LVEKanalsteuerung;X;X;;;1;3;compact;3600000
C2VBA-tlsin-LVEKfzEinzeldaten;X;X;;;1;3;compact;3600000
C2VBA-tlsin-LVEKfzEinzeldatenSammelmeldung;X;X;;;1;3;compact;3600000
C2VBA-tlsin-LVEKurzzeitdatenStatus;X;X;;;1;3;;
C2VBA-tlsin-LVEKurzzeitdatenStatusNachg;X;X;;;1;3;;
C2VBA-tlsin-LVELangzeitdaten;X;X;;;1;3;;
C2VBA-tlsin-LVELangzeitdatenNachg;X;X;;;1;3;;
C2VBA-tlsin-LVELangzeitdatenVKlassen;X;X;;;1;3;;
C2VBA-tlsin-LVELangzeitdatenVKlassenNachg;X;X;;;1;3;;
C2VBA-tlsin-LVELangzeitdatenVKlassenOpt24;X;X;;;1;3;;
C2VBA-tlsin-LVELangzeitdatenVKlassenOpt24Nachg;X;X;;;1;3;;
C2VBA-tlsin-LVENegativeQuittung;X;X;;;1;3;compact;3600000
C2VBA-tlsin-LVEPositiveQuittung;X;X;;;1;3;compact;3600000
C2VBA-tlsin-LVEPrognoseWerteOpt0;X;X;;;1;3;;
C2VBA-tlsin-LVEPrognoseWerteOpt0Nachg;X;X;;;1;3;;
C2VBA-tlsin-LVEQuerwerte;X;X;;;1;3;;
C2VBA-tlsin-LVEQuerwerteNachg;X;X;;;1;3;;
C2VBA-tlsin-LVEStatistikdaten;X;X;;;1;3;;
C2VBA-tlsin-LVEStatistikdatenNachg;X;X;;;1;3;;
C2VBA-tlsin-LVEVerkehrslageQuerschnittOpt0;X;X;;;1;3;;
C2VBA-tlsin-LVEVerkehrslageQuerschnittOpt0Nachg;X;X;;;1;3;;
C2VBA-tlsin-LVEVerkehrslageSpurOpt0;X;X;;;1;3;;
C2VBA-tlsin-LVEVerkehrslageSpurOpt0Nachg;X;X;;;1;3;;
C2VBA-tlsin-SVEBetriebsparameter;X;X;;;1;3;compact;3600000
C2VBA-tlsin-SVEErgebnisVersion0;X;X;;;1;3;compact;3600000
C2VBA-tlsin-SVEErgebnisVersion1;X;X;;;1;3;compact;3600000
C2VBA-tlsin-SYSDateiTransfer;X;X;;;1;3;compact;3600000
C2VBA-tlsin-SYSDeFehler;X;X;;;1;3;compact;3600000
C2VBA-tlsin-SYSDeZuordnung;X;X;;;1;3;compact;3600000
C2VBA-tlsin-SYSErgDeFehler;X;X;;;1;3;compact;3600000
C2VBA-tlsin-SYSErweiterteKonfigtabelle;X;X;;;1;3;compact;3600000
C2VBA-tlsin-SYSFehlerDUE;X;X;;;1;3;compact;3600000
C2VBA-tlsin-SYSGeoKenndaten;X;X;;;1;3;compact;3600000
C2VBA-tlsin-SYSInitMeldung;X;X;;;1;3;compact;3600000
C2VBA-tlsin-SYSKnotennummer;X;X;;;1;3;compact;3600000
C2VBA-tlsin-SYSKommunikationsstatus;X;X;;;1;3;compact;3600000
C2VBA-tlsin-SYSKonfigurationstabelle;X;X;;;1;3;compact;3600000
C2VBA-tlsin-SYSKriKonfigtabelle;X;X;;;1;3;compact;3600000
C2VBA-tlsin-SYSNegativeQuittung;X;X;;;1;3;compact;3600000
C2VBA-tlsin-SYSOsi3Routing;X;X;;;1;3;compact;3600000
C2VBA-tlsin-SYSPositiveQuittung;X;X;;;1;3;;
C2VBA-tlsin-SYSStatischeGeraetekenndaten;X;X;;;1;3;compact;3600000
C2VBA-tlsin-SYSZeitsynchronisation;X;X;;;1;3;compact;3600000
C2VBA-tlsin-SYSZustandExterneSteuerung;X;X;;;1;3;compact;3600000
C2VBA-tlsin-TLSCommState;X;X;;;1;3;compact;
C2VBA-tlsin-TeleReceived;X;X;;;1;3;;
C2VBA-tlsin-UFDBasispegelLA95;X;X;;;1;3;compact;3600000
C2VBA-tlsin-UFDBetriebsparameter;X;X;;;1;3;compact;3600000
C2VBA-tlsin-UFDBodentemperaturTiefe1;X;X;;;1;3;compact;3600000
C2VBA-tlsin-UFDBodentemperaturTiefe2;X;X;;;1;3;compact;3600000
C2VBA-tlsin-UFDBodentemperaturTiefe3;X;X;;;1;3;compact;3600000
C2VBA-tlsin-UFDDauerschallpegelLAeq;X;X;;;1;3;compact;3600000
C2VBA-tlsin-UFDDeFehler;X;X;;;1;3;compact;3600000
C2VBA-tlsin-UFDEisfilmdicke;X;X;;;1;3;compact;3600000
C2VBA-tlsin-UFDErgDeFehler;X;X;;;1;3;compact;3600000
C2VBA-tlsin-UFDFahrbahnfeuchte;X;X;;;1;3;compact;3600000
C2VBA-tlsin-UFDFahrbahnglaette;X;X;;;1;3;compact;3600000
C2VBA-tlsin-UFDFahrbahnoberflaeche;X;X;;;1;3;compact;3600000
C2VBA-tlsin-UFDFahrbahnoberflaechentemperatur;X;X;;;1;3;compact;3600000
C2VBA-tlsin-UFDFZW;X;X;;;1;3;compact;3600000
C2VBA-tlsin-UFDGefriertemperatur;X;X;;;1;3;compact;3600000
C2VBA-tlsin-UFDGeoKenndaten;X;X;;;1;3;compact;3600000
C2VBA-tlsin-UFDGlobalstrahlung;X;X;;;1;3;compact;3600000
C2VBA-tlsin-UFDGriffigkeit;X;X;;;1;3;compact;3600000
C2VBA-tlsin-UFDHelligkeit;X;X;;;1;3;compact;3600000
C2VBA-tlsin-UFDKanalsteuerung;X;X;;;1;3;compact;3600000
C2VBA-tlsin-UFDLuftdruck;X;X;;;1;3;compact;3600000
C2VBA-tlsin-UFDLufttemperatur;X;X;;;1;3;compact;3600000
C2VBA-tlsin-UFDMittlererSpitzenpegelLA1;X;X;;;1;3;compact;3600000
C2VBA-tlsin-UFDNegativeQuittung;X;X;;;1;3;;
C2VBA-tlsin-UFDNiederschlagsart;X;X;;;1;3;compact;3600000
C2VBA-tlsin-UFDNiederschlagsintensitaet;X;X;;;1;3;compact;3600000
C2VBA-tlsin-UFDNiederschlagsmenge;X;X;;;1;3;compact;3600000
C2VBA-tlsin-UFDRelativeLuftfeuchte;X;X;;;1;3;compact;3600000
C2VBA-tlsin-UFDRestsalz;X;X;;;1;3;compact;3600000
C2VBA-tlsin-UFDSchadstoffePM1;X;X;;;1;3;compact;3600000
C2VBA-tlsin-UFDSchadstoffePM10;X;X;;;1;3;compact;3600000
C2VBA-tlsin-UFDSchadstoffePM2_5;X;X;;;1;3;compact;3600000
C2VBA-tlsin-UFDSchalldruckpegelLA;X;X;;;1;3;compact;3600000
C2VBA-tlsin-UFDSchneefilmdicke;X;X;;;1;3;compact;3600000
C2VBA-tlsin-UFDSchneehoehe;X;X;;;1;3;compact;3600000
C2VBA-tlsin-UFDSichtweite;X;X;;;1;3;compact;3600000
C2VBA-tlsin-UFDStickoxide;X;X;;;1;3;compact;3600000
C2VBA-tlsin-UFDStickstoffdioxid;X;X;;;1;3;compact;3600000
C2VBA-tlsin-UFDStickstoffmonoxid;X;X;;;1;3;compact;3600000
C2VBA-tlsin-UFDTaupunkttemperatur;X;X;;;1;3;compact;3600000
C2VBA-tlsin-UFDTaustoffkonzentration;X;X;;;1;3;compact;3600000
C2VBA-tlsin-UFDTaustoffmenge;X;X;;;1;3;compact;3600000
C2VBA-tlsin-UFDWasserfilmdicke;X;X;;;1;3;compact;3600000
C2VBA-tlsin-UFDWindgeschwindigkeit;X;X;;;1;3;compact;3600000
C2VBA-tlsin-UFDWindgeschwindigkeitMax;X;X;;;1;3;compact;3600000
C2VBA-tlsin-UFDWindrichtung;X;X;;;1;3;compact;3600000
C2VBA-tlsin-UFDZustandFahrbahnoberflaeche;X;X;;;1;3;compact;3600000
C2VBA-tlsin-VLTBetriebsparameter;X;X;;;1;3;compact;3600000
C2VBA-tlsin-VLTDeFehler;X;X;;;1;3;compact;3600000
C2VBA-tlsin-VLTDiebstahlschutz;X;X;;;1;3;compact;3600000
C2VBA-tlsin-VLTErgDeFehler;X;X;;;1;3;compact;3600000
C2VBA-tlsin-VLTFunkDefekt;X;X;;;1;3;compact;3600000
C2VBA-tlsin-VLTFunkDefektNachg;X;X;;;1;3;;
C2VBA-tlsin-VLTFunkNetz;X;X;;;1;3;;
C2VBA-tlsin-VLTFunkNetzNachg;X;X;;;1;3;;
C2VBA-tlsin-VLTGeoKenndaten;X;X;;;1;3;compact;3600000
C2VBA-tlsin-VLTHeizung;X;X;;;1;3;compact;3600000
C2VBA-tlsin-VLTKanalsteuerung;X;X;;;1;3;compact;3600000
C2VBA-tlsin-VLTLicht;X;X;;;1;3;compact;3600000
C2VBA-tlsin-VLTLokaleEnergieversorgung;X;X;;;1;3;compact;3600000
C2VBA-tlsin-VLTLueftung;X;X;;;1;3;compact;3600000
C2VBA-tlsin-VLTNegativeQuittung;X;X;;;1;3;compact;3600000
C2VBA-tlsin-VLTRollwegBruecke;X;X;;;1;3;compact;3600000
C2VBA-tlsin-VLTRollwegBrueckeNachg;X;X;;;1;3;;
C2VBA-tlsin-VLTSchluesselschalter;X;X;;;1;3;compact;3600000
C2VBA-tlsin-VLTStromversorgung;X;X;;;1;3;compact;3600000
C2VBA-tlsin-VLTTemperaturueberwachung;X;X;;;1;3;compact;3600000
C2VBA-tlsin-VLTTuerkontakt;X;X;;;1;3;compact;3600000
C2VBA-tlsin-VLTUeberspannungsschutz;X;X;;;1;3;compact;3600000
C2VBA-tlsin-VLTUeberwachungSolaranlagen;X;X;;;1;3;compact;3600000
C2VBA-tlsin-VLTVerkehrsinfo;X;X;;;1;3;compact;3600000
C2VBA-tlsin-WVZGrundeinstellung;X;X;;;1;3;compact;3600000
C2VBA-tlsin-WVZGrundeinstellung32;X;X;;;1;3;compact;3600000
C2VBA-tlsin-WVZStellzustand;X;X;;;1;3;compact;3600000
C2VBA-tlsin-WVZStellzustandNachg;X;X;;;1;3;;
C2VBA-tlsin-WVZStellzustand48;X;X;;;1;3;compact;3600000
C2VBA-tlsin-WWWBetriebsart;X;X;;;1;3;compact;3600000
C2VBA-tlsin-WWWBetriebsartNachg;X;X;;;1;3;;
C2VBA-tlsin-WWWDeFehler;X;X;;;1;3;compact;3600000
C2VBA-tlsin-WWWGeoKenndaten;X;X;;;1;3;compact;3600000
C2VBA-tlsin-WWWHelligkeit;X;X;;;1;3;compact;3600000
C2VBA-tlsin-WWWHelligkeitNachg;X;X;;;1;3;;
C2VBA-tlsin-WWWKanalsteuerung;X;X;;;1;3;compact;3600000
C2VBA-tlsin-WWWNegativeQuittung;X;X;;;1;3;;
C2VBA-tlsin-WWWPrismenStellzustand;X;X;;;1;3;compact;3600000
C2VBA-tlsin-WWWPrismenStellzustandNachg;X;X;;;1;3;;
C2VBA-tlsin-WWWProgrammdaten;X;X;;;1;3;compact;3600000
C2VBA-tlsin-WWWProgrammdatenNachg;X;X;;;1;3;;
C2VBA-tlsin-WWWProgrammNummern;X;X;;;1;3;compact;3600000
C2VBA-tlsin-WWWProgrammNummernNachg;X;X;;;1;3;;
C2VBA-tlsin-WWWProgrammStellzustand;X;X;;;1;3;compact;3600000
C2VBA-tlsin-WWWProgrammStellzustandNachg;X;X;;;1;3;;
C2VBA-tlsin-WWWWechseltext;X;X;;;1;3;compact;3600000
C2VBA-tlsin-WWWWechseltextNachg;X;X;;;1;3;;
C2VBA-tlsin-WZGBetriebsart;X;X;;;1;3;compact;3600000
C2VBA-tlsin-WZGBetriebsartNachg;X;X;;;1;3;;
C2VBA-tlsin-WZGBilddefinition;X;X;;;1;3;compact;3600000
C2VBA-tlsin-WZGBilddefinitionNachg;X;X;;;1;3;;
C2VBA-tlsin-WZGCodedefinition;X;X;;;1;3;compact;3600000
C2VBA-tlsin-WZGCodedefinitionNachg;X;X;;;1;3;;
C2VBA-tlsin-WZGCodeliste;X;X;;;1;3;compact;3600000
C2VBA-tlsin-WZGDeFehler;X;X;;;1;3;compact;3600000
C2VBA-tlsin-WZGDeFehlerNachg;X;X;;;1;3;;
C2VBA-tlsin-WZGDefekteLampen;X;X;;;1;3;compact;3600000
C2VBA-tlsin-WZGDefekteLEDKetten;X;X;;;1;3;compact;3600000
C2VBA-tlsin-WZGErgDeFehler;X;X;;;1;3;compact;3600000
C2VBA-tlsin-WZGErgDeFehlerNachg;X;X;;;1;3;;
C2VBA-tlsin-WZGGeoKenndaten;X;X;;;1;3;compact;3600000
C2VBA-tlsin-WZGGestoertePixelspalten;X;X;;;1;3;compact;3600000
C2VBA-tlsin-WZGGestoertePixelspaltenNachg;X;X;;;1;3;;
C2VBA-tlsin-WZGGestoerteTextpositionen;X;X;;;1;3;compact;3600000
C2VBA-tlsin-WZGGestoerteTextpositionenNachg;X;X;;;1;3;;
C2VBA-tlsin-WZGGrundeinstellung;X;X;;;1;3;compact;3600000
C2VBA-tlsin-WZGGrundeinstellung33;X;X;;;1;3;compact;3600000
C2VBA-tlsin-WZGGrundeinstellungNachg;X;X;;;1;3;;
C2VBA-tlsin-WZGHelligkeit;X;X;;;1;3;compact;3600000
C2VBA-tlsin-WZGHelligkeitNachg;X;X;;;1;3;;
C2VBA-tlsin-WZGKanalsteuerung;X;X;;;1;3;compact;3600000
C2VBA-tlsin-WZGKanalsteuerungNachg;X;X;;;1;3;;
C2VBA-tlsin-WZGNegativeQuittung;X;X;;;1;3;;
C2VBA-tlsin-WZGNichtDarstellbareWVZ;X;X;;;1;3;compact;3600000
C2VBA-tlsin-WZGNichtDarstellbareWVZNachg;X;X;;;1;3;;
C2VBA-tlsin-WZGStellzustand;X;X;;;1;3;compact;3600000
C2VBA-tlsin-WZGStellzustand55;X;X;;;1;3;compact;3600000
C2VBA-tlsin-WZGStellzustandNachg;X;X;;;1;3;;
C2VBA-tlsin-WZGWechseltext;X;X;;;1;3;;
C2VBA-tlsin-WZGWechseltextNachg;X;X;;;1;3;;
C2VBA-tlsin-WZGWVZStellzustand;X;X;;;1;3;compact;3600000
C2VBA-tlsin-WZGWVZStellzustandNachg;X;X;;;1;3;;
C2VBA-tlsin-ZRABetriebsart;X;X;;;1;3;compact;3600000
C2VBA-tlsin-ZRABetriebsartNachg;X;X;;;1;3;;
C2VBA-tlsin-ZRABetriebsparameter;X;X;;;1;3;compact;3600000
C2VBA-tlsin-ZRABetriebsparameterAlinea1;X;X;;;1;3;compact;3600000
C2VBA-tlsin-ZRABetriebsparameterAlinea2;X;X;;;1;3;compact;3600000
C2VBA-tlsin-ZRABetriebsparameterNachg;X;X;;;1;3;;
C2VBA-tlsin-ZRABetriebsparameterRotfahrer;X;X;;;1;3;compact;3600000
C2VBA-tlsin-ZRADeFehler;X;X;;;1;3;compact;3600000
C2VBA-tlsin-ZRAErgDeFehler;X;X;;;1;3;compact;3600000
C2VBA-tlsin-ZRAErgebnismeldungRotfahrer;X;X;;;1;3;compact;3600000
C2VBA-tlsin-ZRAGeoKenndaten;X;X;;;1;3;compact;3600000
C2VBA-tlsin-ZRAHelligkeit;X;X;;;1;3;compact;3600000
C2VBA-tlsin-ZRAHelligkeitNachg;X;X;;;1;3;;
C2VBA-tlsin-ZRAKanalsteuerung;X;X;;;1;3;compact;3600000
C2VBA-tlsin-ZRANegativeQuittung;X;X;;;1;3;;
C2VBA-tlsin-ZRASchaltvorschlaegeALINEA;X;X;;;1;3;compact;3600000
C2VBA-tlsin-ZRASchaltvorschlaegeALINEANachg;X;X;;;1;3;;
C2VBA-tlsin-ZRASignalplan;X;X;;;1;3;compact;3600000
C2VBA-tlsin-ZRASignalplanNachg;X;X;;;1;3;;
VRZ-tlsout-AXLAbrufPufferinhaltErgebnismeldungJob;X;X;;;1;3;;
VRZ-tlsout-AXLAbrufPufferinhaltErgebnismeldungSoll;X;X;;;1;3;;
VRZ-tlsout-AXLAbrufPufferInhaltJob;X;X;;;1;3;;
VRZ-tlsout-AXLAbrufPufferInhaltSoll;X;X;;;1;3;;
VRZ-tlsout-AXLBetriebsparameterJob;X;X;;;1;3;;
VRZ-tlsout-AXLBetriebsparameterSoll;X;X;;;1;3;;
VRZ-tlsout-AXLGeoKenndatenJob;X;X;;;1;3;;
VRZ-tlsout-AXLGeoKenndatenSoll;X;X;;;1;3;;
VRZ-tlsout-AXLKanalsteuerungJob;X;X;;;1;3;;
VRZ-tlsout-AXLKanalsteuerungSoll;X;X;;;1;3;;
VRZ-tlsout-AXLParameterAchslastGrenzwerteJob;X;X;;;1;3;;
VRZ-tlsout-AXLParameterAchslastGrenzwerteSoll;X;X;;;1;3;;
VRZ-tlsout-AXLParameterAchslastklassen5P1Job;X;X;;;1;3;;
VRZ-tlsout-AXLParameterAchslastklassen5P1Soll;X;X;;;1;3;;
VRZ-tlsout-AXLParameterAchslastklassen8P1Job;X;X;;;1;3;;
VRZ-tlsout-AXLParameterAchslastklassen8P1Soll;X;X;;;1;3;;
VRZ-tlsout-AXLSteuerSequenz;X;X;;;1;3;;
VRZ-tlsout-DWISTAGrafikkonserveJob;X;X;;;1;3;;
VRZ-tlsout-DWISTAGrafikkonserveSoll;X;X;;;1;3;;
VRZ-tlsout-DWISTATextkonserveJob;X;X;;;1;3;;
VRZ-tlsout-DWISTATextkonserveSoll;X;X;;;1;3;;
VRZ-tlsout-EFZBetriebsparameterJob;X;X;;;1;3;;
VRZ-tlsout-EFZBetriebsparameterSoll;X;X;;;1;3;;
VRZ-tlsout-LVEAbrufPufferInhaltJob;X;X;;;1;3;;
VRZ-tlsout-LVEAbrufPufferInhaltSoll;X;X;;;1;3;;
VRZ-tlsout-LVEBetriebsparameterJob;X;X;;;1;3;;
VRZ-tlsout-LVEBetriebsparameterSoll;X;X;;;1;3;;
VRZ-tlsout-LVEGeoKenndatenJob;X;X;;;1;3;;
VRZ-tlsout-LVEGeoKenndatenSoll;X;X;;;1;3;;
VRZ-tlsout-LVEGeschwindigkeitsklassenKurzJob;X;X;;;1;3;;
VRZ-tlsout-LVEGeschwindigkeitsklassenKurzSoll;X;X;;;1;3;;
VRZ-tlsout-LVEGeschwindigkeitsklassenLangJob;X;X;;;1;3;;
VRZ-tlsout-LVEGeschwindigkeitsklassenLangSoll;X;X;;;1;3;;
VRZ-tlsout-LVEKanalsteuerungJob;X;X;;;1;3;;
VRZ-tlsout-LVEKanalsteuerungSoll;X;X;;;1;3;;
VRZ-tlsout-LVESteuerSequenz;X;X;;;1;3;;
VRZ-tlsout-SVEBetriebsparameterJob;X;X;;;1;3;;
VRZ-tlsout-SVEBetriebsparameterSoll;X;X;;;1;3;;
VRZ-tlsout-SYSDateiAbrufJob;X;X;;;1;3;;
VRZ-tlsout-SYSDateiAbrufSoll;X;X;;;1;3;;
VRZ-tlsout-SYSDateiTransferJob;X;X;;;1;3;;
VRZ-tlsout-SYSDateiTransferSoll;X;X;;;1;3;;
VRZ-tlsout-SYSDeZuordnungJob;X;X;;;1;3;;
VRZ-tlsout-SYSDeZuordnungSoll;X;X;;;1;3;;
VRZ-tlsout-SYSErweiterteKonfigtabelleJob;X;X;;;1;3;;
VRZ-tlsout-SYSErweiterteKonfigtabelleSoll;X;X;;;1;3;;
VRZ-tlsout-SYSGeoKenndatenJob;X;X;;;1;3;;
VRZ-tlsout-SYSGeoKenndatenSoll;X;X;;;1;3;;
VRZ-tlsout-SYSKnotennummerJob;X;X;;;1;3;;
VRZ-tlsout-SYSKnotennummerSoll;X;X;;;1;3;;
VRZ-tlsout-SYSKommunikationsstatusJob;X;X;;;1;3;;
VRZ-tlsout-SYSKommunikationsstatusSoll;X;X;;;1;3;;
VRZ-tlsout-SYSKonfigurationstabelleJob;X;X;;;1;3;;
VRZ-tlsout-SYSKonfigurationstabelleSoll;X;X;;;1;3;;
VRZ-tlsout-SYSKriKonfigtabelleJob;X;X;;;1;3;;
VRZ-tlsout-SYSKriKonfigtabelleSoll;X;X;;;1;3;;
VRZ-tlsout-SYSOsi3RoutingJob;X;X;;;1;3;;
VRZ-tlsout-SYSOsi3RoutingSoll;X;X;;;1;3;;
VRZ-tlsout-SYSResetJob;X;X;;;1;3;;
VRZ-tlsout-SYSResetSoll;X;X;;;1;3;;
VRZ-tlsout-SYSSteuerSequenz;X;X;;;1;3;;
VRZ-tlsout-SYSZeitsynchronisationJob;X;X;;;1;3;;
VRZ-tlsout-SYSZeitsynchronisationSoll;X;X;;;1;3;;
VRZ-tlsout-SYSZustandExterneSteuerungJob;X;X;;;1;3;;
VRZ-tlsout-SYSZustandExterneSteuerungSoll;X;X;;;1;3;;
VRZ-tlsout-UFDBetriebsparameterJob;X;X;;;1;3;;
VRZ-tlsout-UFDBetriebsparameterSoll;X;X;;;1;3;;
VRZ-tlsout-UFDGeoKenndatenJob;X;X;;;1;3;;
VRZ-tlsout-UFDGeoKenndatenSoll;X;X;;;1;3;;
VRZ-tlsout-UFDKanalsteuerungJob;X;X;;;1;3;;
VRZ-tlsout-UFDKanalsteuerungSoll;X;X;;;1;3;;
VRZ-tlsout-UFDSteuerSequenz;X;X;;;1;3;;
VRZ-tlsout-VLTBetriebsparameterJob;X;X;;;1;3;;
VRZ-tlsout-VLTBetriebsparameterSoll;X;X;;;1;3;;
VRZ-tlsout-VLTGeoKenndatenJob;X;X;;;1;3;;
VRZ-tlsout-VLTGeoKenndatenSoll;X;X;;;1;3;;
VRZ-tlsout-VLTKanalsteuerungJob;X;X;;;1;3;;
VRZ-tlsout-VLTKanalsteuerungSoll;X;X;;;1;3;;
VRZ-tlsout-VLTSteuerSequenz;X;X;;;1;3;;
VRZ-tlsout-WVZGrundeinstellung32Job;X;X;;;1;3;;
VRZ-tlsout-WVZGrundeinstellung32Soll;X;X;;;1;3;;
VRZ-tlsout-WVZStellzustand48Job;X;X;;;1;3;;
VRZ-tlsout-WVZStellzustand48Soll;X;X;;;1;3;;
VRZ-tlsout-WWWBetriebsartJob;X;X;;;1;3;;
VRZ-tlsout-WWWBetriebsartSoll;X;X;;;1;3;;
VRZ-tlsout-WWWGeoKenndatenJob;X;X;;;1;3;;
VRZ-tlsout-WWWGeoKenndatenSoll;X;X;;;1;3;;
VRZ-tlsout-WWWHelligkeitJob;X;X;;;1;3;;
VRZ-tlsout-WWWHelligkeitSoll;X;X;;;1;3;;
VRZ-tlsout-WWWKanalsteuerungJob;X;X;;;1;3;;
VRZ-tlsout-WWWKanalsteuerungSoll;X;X;;;1;3;;
VRZ-tlsout-WWWPrismenStellzustandJob;X;X;;;1;3;;
VRZ-tlsout-WWWPrismenStellzustandSoll;X;X;;;1;3;;
VRZ-tlsout-WWWProgrammdatenJob;X;X;;;1;3;;
VRZ-tlsout-WWWProgrammdatenSoll;X;X;;;1;3;;
VRZ-tlsout-WWWProgrammStellzustandJob;X;X;;;1;3;;
VRZ-tlsout-WWWProgrammStellzustandSoll;X;X;;;1;3;;
VRZ-tlsout-WWWWechseltextJob;X;X;;;1;3;;
VRZ-tlsout-WWWWechseltextSoll;X;X;;;1;3;;
VRZ-tlsout-WWWSteuerSequenz;X;X;;;1;3;;
VRZ-tlsout-WZGAbrufBilddefinitionJob;X;X;;;1;3;;
VRZ-tlsout-WZGAbrufBilddefinitionSoll;X;X;;;1;3;;
VRZ-tlsout-WZGAbrufCodedefinitionJob;X;X;;;1;3;;
VRZ-tlsout-WZGAbrufCodedefinitionSoll;X;X;;;1;3;;
VRZ-tlsout-WZGAbrufPufferInhaltJob;X;X;;;1;3;;
VRZ-tlsout-WZGAbrufPufferInhaltSoll;X;X;;;1;3;;
VRZ-tlsout-WZGBetriebsartJob;X;X;;;1;3;;
VRZ-tlsout-WZGBetriebsartSoll;X;X;;;1;3;;
VRZ-tlsout-WZGBilddefinitionJob;X;X;;;1;3;;
VRZ-tlsout-WZGBilddefinitionSoll;X;X;;;1;3;;
VRZ-tlsout-WZGCodedefinitionJob;X;X;;;1;3;;
VRZ-tlsout-WZGCodedefinitionSoll;X;X;;;1;3;;
VRZ-tlsout-WZGGeoKenndatenJob;X;X;;;1;3;;
VRZ-tlsout-WZGGeoKenndatenSoll;X;X;;;1;3;;
VRZ-tlsout-WZGGrundeinstellungJob;X;X;;;1;3;;
VRZ-tlsout-WZGGrundeinstellung33Job;X;X;;;1;3;;
VRZ-tlsout-WZGGrundeinstellung33Soll;X;X;;;1;3;;
VRZ-tlsout-WZGGrundeinstellungSoll;X;X;;;1;3;;
VRZ-tlsout-WZGHelligkeitJob;X;X;;;1;3;;
VRZ-tlsout-WZGHelligkeitSoll;X;X;;;1;3;;
VRZ-tlsout-WZGKanalsteuerungJob;X;X;;;1;3;;
VRZ-tlsout-WZGKanalsteuerungSoll;X;X;;;1;3;;
VRZ-tlsout-WZGStellzustandJob;X;X;;;1;3;;
VRZ-tlsout-WZGStellzustand55Job;X;X;;;1;3;;
VRZ-tlsout-WZGStellzustand55Soll;X;X;;;1;3;;
VRZ-tlsout-WZGStellzustandSoll;X;X;;;1;3;;
VRZ-tlsout-WZGSteuerSequenz;X;X;;;1;3;;
VRZ-tlsout-ZRAAbrufPufferInhaltJob;X;X;;;1;3;;
VRZ-tlsout-ZRAAbrufPufferInhaltSoll;X;X;;;1;3;;
VRZ-tlsout-ZRABetriebsartJob;X;X;;;1;3;;
VRZ-tlsout-ZRABetriebsartSoll;X;X;;;1;3;;
VRZ-tlsout-ZRABetriebsparameterAlinea1Job;X;X;;;1;3;;
VRZ-tlsout-ZRABetriebsparameterAlinea1Soll;X;X;;;1;3;;
VRZ-tlsout-ZRABetriebsparameterAlinea2Job;X;X;;;1;3;;
VRZ-tlsout-ZRABetriebsparameterAlinea2Soll;X;X;;;1;3;;
VRZ-tlsout-ZRABetriebsparameterJob;X;X;;;1;3;;
VRZ-tlsout-ZRABetriebsparameterRotfahrerJob;X;X;;;1;3;;
VRZ-tlsout-ZRABetriebsparameterRotfahrerSoll;X;X;;;1;3;;
VRZ-tlsout-ZRABetriebsparameterSoll;X;X;;;1;3;;
VRZ-tlsout-ZRAGeoKenndatenJob;X;X;;;1;3;;
VRZ-tlsout-ZRAGeoKenndatenSoll;X;X;;;1;3;;
VRZ-tlsout-ZRAHelligkeitJob;X;X;;;1;3;;
VRZ-tlsout-ZRAHelligkeitSoll;X;X;;;1;3;;
VRZ-tlsout-ZRAKanalsteuerungJob;X;X;;;1;3;;
VRZ-tlsout-ZRAKanalsteuerungSoll;X;X;;;1;3;;
VRZ-tlsout-ZRASignalplanJob;X;X;;;1;3;;
VRZ-tlsout-ZRASignalplanSoll;X;X;;;1;3;;
VRZ-tlsout-ZRASteuerSequenz;X;X;;;1;3;;
#Parameter;;;;;;;;
VRZ-Parameter-AQAusreisser;;;;;1;3;compact;3600000
VRZ-Parameter-AQAusschlussV;;;;;1;3;compact;3600000
VRZ-Parameter-AQBetriebsartHelligkeit;;;;;1;3;compact;3600000
VRZ-Parameter-AQHelligkeit;;;;;1;3;compact;3600000
VRZ-Parameter-AQKopplung;;;;;1;3;compact;3600000
VRZ-Parameter-AQLueckenA;;;;;1;3;compact;3600000
VRZ-Parameter-AQLueckenB;;;;;1;3;compact;3600000
VRZ-Parameter-AQMaxGeschwindigkeit;;;;;1;3;compact;3600000
VRZ-Parameter-AQMaxIteration;;;;;1;3;compact;3600000
VRZ-Parameter-AQMaxVDiff;;;;;1;3;compact;3600000
VRZ-Parameter-AQQuerabgleichA;;;;;1;3;compact;3600000
VRZ-Parameter-AQQuerabgleichB;;;;;1;3;compact;3600000
VRZ-Parameter-AQVerriegelung;;;;;1;3;compact;3600000
VRZ-Parameter-AQWZGUeberwachung;;;;;1;3;compact;3600000
VRZ-Parameter-Aggregation;;;;;1;3;compact;3600000
VRZ-Parameter-AttributeCatalogue;;;;;1;3;compact;3600000
VRZ-Parameter-ConcreteControlSigns;;;;;1;3;compact;3600000
VRZ-Parameter-DefaultControlSigns;;;;;1;3;compact;3600000
VRZ-Parameter-DetektorvergleichStandortbezogen;;;;;1;3;compact;3600000
VRZ-Parameter-DisplayPanelLockMatrices;;;;;1;3;compact;3600000
VRZ-Parameter-DunkelHellErkennung;;;;;1;3;compact;3600000
VRZ-Parameter-ErmittlungVerkehrsstufeFS;;;;;1;3;compact;3600000
VRZ-Parameter-ErmittlungVerkehrsstufeMQ;;;;;1;3;compact;3600000
VRZ-Parameter-FahrstreifenbezogeneKenngroessen;;;;;1;3;compact;3600000
VRZ-Parameter-FailsafeParameter;;;;;1;3;compact;3600000
VRZ-Parameter-Fundamentaldiagrammbetrachtung;;;;;1;3;compact;3600000
VRZ-Parameter-FundamentaldiagrammbetrachtungEinstellungen;;;;;1;3;compact;3600000
VRZ-Parameter-FundamentaldiagrammbetrachtungSituationMapping;;;;;1;3;compact;3600000
VRZ-Parameter-GewichteteGleitendeMittelwertbildung;;;;;1;3;compact;3600000
VRZ-Parameter-GlaettungUndTrendextrapolation;;;;;1;3;compact;3600000
VRZ-Parameter-GleitendeMittelwertbildung;;;;;1;3;compact;3600000
VRZ-Parameter-LogischePassivierungVDE;X;X;;;1;3;compact;3600000
VRZ-Parameter-LkwAufkommenBeiHohemVerkehrsaufkommen;;;;;1;3;compact;3600000
VRZ-Parameter-LkwAufkommenBeiHohemVerkehrsaufkommenEinstellungen;;;;;1;3;compact;3600000
VRZ-Parameter-LkwAufkommenBeiHohemVerkehrsaufkommenSituationMapping;;;;;1;3;compact;3600000
VRZ-Parameter-MeasureCatalogue;;;;;1;3;compact;3600000
VRZ-Parameter-Nachlaufzeiten;;;;;1;3;compact;3600000
VRZ-Parameter-PLBelegung;;;;;1;3;compact;3600000
VRZ-Parameter-PLErgebniskonstanz;;;;;1;3;compact;3600000
VRZ-Parameter-PLErsatz;;;;;1;3;compact;3600000
VRZ-Parameter-PLLogisch;;;;;1;3;compact;3600000
VRZ-Parameter-PLWerteBereich;;;;;1;3;compact;3600000
VRZ-Parameter-PLWerteBereichStatus;;;;;1;3;compact;3600000
VRZ-Parameter-PriorityTables;;;;;1;3;compact;3600000
VRZ-Parameter-RichtungsbezogeneKenngroessen;;;;;1;3;compact;3600000
VRZ-Parameter-SituationCatalogue;;;;;1;3;compact;3600000
VRZ-Parameter-StauerkennungKriteriumBelegung;;;;;1;3;compact;3600000
VRZ-Parameter-StauerkennungKriteriumBelegungEinstellungen;;;;;1;3;compact;3600000
VRZ-Parameter-StauerkennungKriteriumBelegungSituationMapping;;;;;1;3;compact;3600000
VRZ-Parameter-StauerkennungKriteriumGeschwindigkeit;;;;;1;3;compact;3600000
VRZ-Parameter-StauerkennungKriteriumGeschwindigkeitEinstellungen;;;;;1;3;compact;3600000
VRZ-Parameter-StauerkennungKriteriumGeschwindigkeitSituationMapping;;;;;1;3;compact;3600000
VRZ-Parameter-UnruheImVerkehr;;;;;1;3;compact;3600000
VRZ-Parameter-UnruheImVerkehrEinstellungen;;;;;1;3;compact;3600000
VRZ-Parameter-UnruheImVerkehrSituationMapping;;;;;1;3;compact;3600000
VRZ-Parameter-VdeGueteMesswertersetzung;;;;;1;3;compact;3600000
VRZ-Parameter-VdeMesswertersetzung;;;;;1;3;compact;3600000
VRZ-Parameter-Verkehrszustandsstufe;;;;;1;3;compact;3600000
VRZ-Parameter-VerkehrszustandsstufeEinstellungen;;;;;1;3;compact;3600000
VRZ-Parameter-VerkehrszustandsstufeSituationMapping;;;;;1;3;compact;3600000
VRZ-Parameter-WZGTags;;;;;1;3;compact;3600000
VRZ-Parameter-WzgTagCatalogue;;;;;1;3;compact;3600000
VRZ-Parameter-Zeitsynchronisation;X;X;;;1;3;compact;3600000
VRZ-Parameter-Zusammenbruchswahrscheinlichkeit;;;;;1;3;compact;3600000
VRZ-tlsout-TeleToSend;X;X;;;1;3;;
VRZ-Parameter-CsvImportConfig-Default;X;X;;;1;3;compact;3600000
VRZ-Parameter-CsvImportConfig-Fix;X;X;;;1;3;compact;3600000
#GrpcDetectionSiteService Topics;;;;;;;;
VRZ-NodeActivationState;X;X;;;1;3;compact;3600000
